<?xml version="1.0" encoding="UTF-8"?>
<project-private xmlns="http://www.netbeans.org/ns/project-private/1">
    <editor-bookmarks xmlns="http://www.netbeans.org/ns/editor-bookmarks/2" lastBookmarkId="0"/>
    <open-files xmlns="http://www.netbeans.org/ns/projectui-open-files/2">
        <group>
            <file>file:/home/daniel/Desktop/DANIEL/FR/PRACTICAS/Practica_2/codigo_P2%20/EntregableP2-FR-20_21/Ejercicio5/codigo/ServidorCine/src/servidorcine/Cartelera.java</file>
            <file>file:/home/daniel/Desktop/DANIEL/FR/PRACTICAS/Practica_2/codigo_P2%20/EntregableP2-FR-20_21/Ejercicio5/codigo/ServidorCine/src/servidorcine/verificador.java</file>
            <file>file:/home/daniel/Desktop/DANIEL/FR/PRACTICAS/Practica_2/codigo_P2%20/EntregableP2-FR-20_21/Ejercicio5/codigo/ServidorCine/src/servidorcine/ServidorCine.java</file>
            <file>file:/home/daniel/Desktop/DANIEL/FR/PRACTICAS/Practica_2/codigo_P2%20/EntregableP2-FR-20_21/Ejercicio5/codigo/ServidorCine/src/servidorcine/MisEntradas.java</file>
            <file>file:/home/daniel/Desktop/DANIEL/FR/PRACTICAS/Practica_2/codigo_P2%20/EntregableP2-FR-20_21/Ejercicio5/codigo/ServidorCine/src/servidorcine/ProcesadorCine.java</file>
        </group>
    </open-files>
</project-private>
