<?xml version="1.0" encoding="UTF-8"?>
<configurationDescriptor version="100">
  <logicalFolder name="root" displayName="root" projectFiles="true" kind="ROOT">
    <logicalFolder name="HeaderFiles"
                   displayName="Header Files"
                   projectFiles="true">
      <logicalFolder name="include" displayName="include" projectFiles="true">
        <itemPath>include/VD.cpp</itemPath>
        <itemPath>include/VD.h</itemPath>
        <itemPath>include/ingrediente.h</itemPath>
        <itemPath>include/ingredientes.h</itemPath>
        <itemPath>include/receta.h</itemPath>
        <itemPath>include/recetas.h</itemPath>
      </logicalFolder>
    </logicalFolder>
    <logicalFolder name="ResourceFiles"
                   displayName="Resource Files"
                   projectFiles="true">
    </logicalFolder>
    <logicalFolder name="SourceFiles"
                   displayName="Source Files"
                   projectFiles="true">
      <logicalFolder name="src" displayName="src" projectFiles="true">
        <itemPath>src/ingrediente.cpp</itemPath>
        <itemPath>src/ingredientes.cpp</itemPath>
        <itemPath>src/nutricion_receta.cpp</itemPath>
        <itemPath>src/receta.cpp</itemPath>
        <itemPath>src/recetas.cpp</itemPath>
        <itemPath>src/test_ingredientes.cpp</itemPath>
        <itemPath>src/test_receta.cpp</itemPath>
      </logicalFolder>
    </logicalFolder>
    <logicalFolder name="TestFiles"
                   displayName="Test Files"
                   projectFiles="false"
                   kind="TEST_LOGICAL_FOLDER">
    </logicalFolder>
    <logicalFolder name="ExternalFiles"
                   displayName="Important Files"
                   projectFiles="false"
                   kind="IMPORTANT_FILES_FOLDER">
      <itemPath>Makefile</itemPath>
    </logicalFolder>
  </logicalFolder>
  <sourceRootList>
    <Elem>include</Elem>
    <Elem>src</Elem>
  </sourceRootList>
  <projectmakefile>Makefile</projectmakefile>
  <confs>
    <conf name="Debug" type="1">
      <toolsSet>
        <compilerSet>default</compilerSet>
        <dependencyChecking>true</dependencyChecking>
        <rebuildPropChanged>false</rebuildPropChanged>
      </toolsSet>
      <compileType>
        <ccTool>
          <incDir>
            <pElem>include</pElem>
          </incDir>
        </ccTool>
      </compileType>
      <item path="include/VD.cpp" ex="false" tool="1" flavor2="0">
      </item>
      <item path="include/VD.h" ex="false" tool="3" flavor2="0">
      </item>
      <item path="include/ingrediente.h" ex="false" tool="3" flavor2="0">
      </item>
      <item path="include/ingredientes.h" ex="false" tool="3" flavor2="0">
      </item>
      <item path="include/receta.h" ex="false" tool="3" flavor2="0">
      </item>
      <item path="include/recetas.h" ex="false" tool="3" flavor2="0">
      </item>
      <item path="src/ingrediente.cpp" ex="false" tool="1" flavor2="0">
      </item>
      <item path="src/ingredientes.cpp" ex="false" tool="1" flavor2="0">
      </item>
      <item path="src/nutricion_receta.cpp" ex="false" tool="1" flavor2="0">
      </item>
      <item path="src/receta.cpp" ex="false" tool="1" flavor2="0">
      </item>
      <item path="src/recetas.cpp" ex="false" tool="1" flavor2="0">
      </item>
      <item path="src/test_ingredientes.cpp" ex="false" tool="1" flavor2="0">
      </item>
      <item path="src/test_receta.cpp" ex="false" tool="1" flavor2="0">
      </item>
    </conf>
    <conf name="Release" type="1">
      <toolsSet>
        <compilerSet>default</compilerSet>
        <dependencyChecking>true</dependencyChecking>
        <rebuildPropChanged>false</rebuildPropChanged>
      </toolsSet>
      <compileType>
        <cTool>
          <developmentMode>5</developmentMode>
        </cTool>
        <ccTool>
          <developmentMode>5</developmentMode>
        </ccTool>
        <fortranCompilerTool>
          <developmentMode>5</developmentMode>
        </fortranCompilerTool>
        <asmTool>
          <developmentMode>5</developmentMode>
        </asmTool>
      </compileType>
      <item path="include/VD.cpp" ex="false" tool="1" flavor2="0">
      </item>
      <item path="include/VD.h" ex="false" tool="3" flavor2="0">
      </item>
      <item path="include/ingrediente.h" ex="false" tool="3" flavor2="0">
      </item>
      <item path="include/ingredientes.h" ex="false" tool="3" flavor2="0">
      </item>
      <item path="include/receta.h" ex="false" tool="3" flavor2="0">
      </item>
      <item path="include/recetas.h" ex="false" tool="3" flavor2="0">
      </item>
      <item path="src/ingrediente.cpp" ex="false" tool="1" flavor2="0">
      </item>
      <item path="src/ingredientes.cpp" ex="false" tool="1" flavor2="0">
      </item>
      <item path="src/nutricion_receta.cpp" ex="false" tool="1" flavor2="0">
      </item>
      <item path="src/receta.cpp" ex="false" tool="1" flavor2="0">
      </item>
      <item path="src/recetas.cpp" ex="false" tool="1" flavor2="0">
      </item>
      <item path="src/test_ingredientes.cpp" ex="false" tool="1" flavor2="0">
      </item>
      <item path="src/test_receta.cpp" ex="false" tool="1" flavor2="0">
      </item>
    </conf>
  </confs>
</configurationDescriptor>
